id,province,population,x_coord,y_coord,latitude,longitude,name
11001,1,14304,150964.395333333,202431.664,51.1340539,4.3844742,AARTSELAAR
11002,1,523248,153104.586028369,212271.71007092198,51.21658450035461,4.41354548865248,ANTWERPEN
11004,1,13120,159954.505,206256.5035,51.16082405,4.51038522,BOECHOUT
11005,1,17970,150360.4,198115.397222222,51.086079999999995,4.3663300000000005,BOOM
11007,1,10685,158373.267142857,209240.251428571,51.1966684,4.485629900000001,BORSBEEK
11008,1,37850,158918.819827586,221748.327413793,51.29227,4.494190000000001,BRASSCHAAT
11009,1,29010,168070.150125,224780.0715,51.3495775,4.6376322,BRECHT
11013,1,21947,154685.668,205393.02466666698,51.1559541,4.431893700000001,EDEGEM
11016,1,19079,156460.2596,237847.8004,51.382979999999996,4.47518,ESSEN
11018,1,11368,148198.769285714,203536.623571429,51.145179999999996,4.3383400000000005,HEMIKSEM
11021,1,8115,157610.123333333,204366.29444444398,51.1540043,4.4711513,HOVE
11022,1,18608,157904.470588235,231315.79617647102,51.382979999999996,4.47518,KALMTHOUT
11023,1,26771,154487.6576,224119.3344,51.3140004,4.4324004,KAPELLEN
11024,1,21074,155592.424827586,201594.393448276,51.130035565517204,4.4466770862069005,KONTICH
11025,1,8787,159097.005555556,201935.01666666698,51.1272719,4.4967604,LINT
11029,1,25824,156009.79238095199,207196.811904762,51.1691158,4.4662486,MORTSEL
11030,1,10424,147481.69,199869.63428571398,51.110640000000004,4.33207,NIEL
11035,1,18981,165219.225142857,208999.295714286,51.188711037142895,4.59022609142857,RANST
11037,1,15114,153073.82,198210.017826087,51.090113626086996,4.41347080869565,RUMST
11038,1,8433,148445.176666667,201304.416666667,51.126918599999996,4.3388412,SCHELLE
11039,1,19585,164830.49625,215797.55375,51.248130133333305,4.5759354000000005,SCHILDE
11040,1,34462,159116.704027778,216452.039722222,51.2497532,4.497706299999999,SCHOTEN
11044,1,18529,151340.993235294,224221.246764706,51.3229754411765,4.38529379411765,STABROEK
11050,1,9711,160418.273846154,213067.75,51.229818200000004,4.5108974,WIJNEGEM
11052,1,12893,160133.67575,210635.34399999998,51.2021676,4.5219648,WOMMELGEM
11053,1,20671,165472.553285714,230754.345857143,51.3918731628571,4.60460126857143,WUUSTWEZEL
11054,1,12985,171240.356451613,210798.587741935,51.206134980645196,4.67296063548387,ZANDHOVEN
11055,1,21739,170230.605,216710.91269230802,51.2551742846154,4.660247,ZOERSEL
11056,1,19002,147413.726590909,211497.378181818,51.2111991272727,4.33681802272727,ZWIJNDRECHT
11057,1,15304,173766.162083333,220855.247083333,51.298975299999995,4.71400875,MALLE-WESTMALLE
12002,1,11507,170183.21375,199770.38625,51.11804,4.65752,BERLAAR
12005,1,14951,163812.0405,190191.099,51.022196545,4.54803189,BONHEIDEN
12007,1,21186,140919.53310344802,197684.458965517,51.0960068310345,4.23910036551724,BORNEM-BORMEM
12009,1,17385,159562.41736842098,198297.200526316,51.09539,4.5052,DUFFEL
12014,1,42478,175485.75172727302,195142.910181818,51.0751658363636,4.729764781818179,HEIST-OP-DEN-BERG
12021,1,35712,164122.030606061,202178.86969697,51.1302163606061,4.57150510909091,LIER
12025,1,86304,157133.004734043,190719.186808511,51.0253457489362,4.47459442765958,MECHELEN
12026,1,22813,170161.91375,204679.688,51.161359085,4.67056163,NIJLEN
12029,1,17584,168321.421818182,193384.040454545,51.054725700000006,4.628679099999999,PUTTE
12030,1,17452,145766.049285714,195576.441428571,51.0660142971429,4.31838657142857,PUURS
12034,1,8480,140363.067222222,193587.940555556,51.0559173,4.2216529000000005,SINT-AMANDS
12035,1,20870,160949.1434,194566.7006,51.068052052,4.544615732,SINT
12040,1,26223,149512.518235294,193678.293235294,51.054909335294106,4.35449356176471,WILLEBROEK
13001,1,13281,200265.820714286,223593.327142857,51.322049,5.0863347999999995,ARENDONK
13002,1,2705,188246.127602339,235450.818913255,51.441832,4.931736,BAARLE-HERTOG
13003,1,22426,206348.938285714,206025.960571429,51.164307648571395,5.16314632571429,BALEN
13004,1,17931,181984.55800000002,222925.8025,51.31501988,4.84026508,BEERSE
13006,1,9540,202306.173076923,214920.894615385,51.23985,5.11269,DESSEL
13008,1,39923,192976.39754717,204923.66056603802,51.141420886792496,4.91406741320755,GEEL
13010,1,11123,176066.145238095,207526.172380952,51.184320828571394,4.73956748571429,GROBBENDONK
13011,1,28117,182261.408181818,206326.053030303,51.1643319787879,4.83547916969697,HERENTALS
13012,1,8951,178069.88833333302,203598.811666667,51.139450599999996,4.7564892,HERENTHOUT
13013,1,14537,185479.86117647102,193018.376470588,51.05236832352939,4.880688,HERSELT
13014,1,21333,177723.850128205,236286.371538462,51.41677366153849,4.77053884871795,HOOGSTRATEN
13016,1,10382,181190.1955,194518.24300000002,51.07468686,4.79178604,HULSHOUT
13017,1,18600,190260.79425,214726.58225,51.233684625,4.937155015,KASTERLEE
13019,1,16512,182261.79,215623.595862069,51.260212420689705,4.8372677620689695,LILLE
13021,1,10326,199576.960625,202102.603125,51.13219,5.0770800000000005,MEERHOUT
13023,1,8619,184075.034375,228333.24125,51.34806,4.76054,MERKSPLAS
13025,1,36544,202717.016324786,210208.450598291,51.191086999999996,5.1170647,MOL
13029,1,12491,186180.60600000003,206167.0615,51.1440245,4.8599119,OLEN
13031,1,13517,193450.011315789,223717.788947368,51.3177601,4.982844999999999,OUD-TURNHOUT
13035,1,14871,195016.689583333,234093.05513888897,51.410397269444395,5.01068341666667,RAVELS
13036,1,11240,199608.027142857,218127.677142857,51.2669664,5.0842508,RETIE
13037,1,11932,177557.584736842,226352.594210526,51.34806,4.76054,RIJKEVORSEL
13040,1,44136,189799.26666666698,223877.525151515,51.321650899999995,4.9375577,TURNHOUT
13044,1,7848,178723.95444444398,211248.755,51.202524700000005,4.7708827000000005,VORSELAAR
13046,1,11159,186101.49285714302,222199.43071428602,51.31473,4.8876800000000005,VOSSELAAR
13049,1,24884,186551.21399999998,200122.90183333302,51.08995144,4.9143397,WESTERLO
13053,1,16020,195290.968055556,197269.388611111,51.0827854944444,5.02667047777778,LAAKDAL-VEERLE
21001,2,118382,145296.458441558,169229.965454545,50.8334893116883,4.2977071636363595,ANDERLECHT
21002,2,33740,153938.87303030302,167298.931212121,50.8164064,4.4265181,AUDERGHEM
21003,2,24830,144767.434444444,172733.761111111,50.8657821,4.2925975,BERCHEM-SAINTE-AGATHE
21004,2,179277,149789.478380952,172284.190857143,50.860793908571395,4.3594195295238105,BRUSSEL
21005,2,47786,151818.757894737,169198.770526316,50.832578000000005,4.388993900000001,ETTERBEEK
21006,2,41131,152764.726206897,173265.18896551698,50.87393529999999,4.400942099999999,EVERE
21007,2,56008,147075.38205128198,167075.688461538,50.8134333,4.3248344,FOREST
21008,2,24865,146022.220625,173771.568125,50.872986600000004,4.309332599999999,GANSHOREN
21009,2,86513,150462.299791667,168070.637604167,50.827056299999995,4.372308,ELSENE
21010,2,52201,146926.441764706,174493.274117647,50.880858200000006,4.3227894000000004,JETTE
21011,2,21774,146813.56125,172465.885,50.8633811,4.330337999999999,KOEKELBERG
21012,2,97005,146730.122045455,171664.584772727,50.8522009,4.3303277,MOLENBEEK-SAINT-JEAN
21013,2,50002,148263.670769231,168825.413076923,50.8301436,4.3402184,SAINT-GILLES
21014,2,27032,149924.475714286,171548.33285714302,50.8499766,4.3692349,SAINT-JOSSE-TEN-NODE
21015,2,133010,151137.893529412,172542.43627451,50.86744,4.377269999999999,SCHAARBEEK
21016,2,82275,148591.9161,165069.0843,50.8023982,4.340669999999999,UCCLE
21017,2,25012,152963.263030303,165745.76969697,50.8068657,4.405328599999999,WATERMAAL-BOSVOORDE
21018,2,56303,154363.602564103,170698.944102564,50.841525700000005,4.4337045999999996,SINT-LAMBRECHTS-WOLUWE
21019,2,41580,154935.814,169117.678285714,50.8369585,4.4080961,SINT-PIETERS-WOLUWE
23002,2,32958,140356.008823529,176973.158039216,50.901716049019605,4.238901449019609,ASSE
23003,2,25069,145039.108461538,160276.556282051,50.7530638051282,4.3007548820512795,BEERSEL
23009,2,2204,118403.4575,156517.5525,50.71695220000001,3.9406873999999994,BEVER
23016,2,42434,140802.377295082,171379.304180328,50.8525939590164,4.23704610163934,DILBEEK
23023,2,8725,123038.603636364,160306.654090909,50.751831972727295,3.9955352,GALMAARDEN
23024,2,9236,130953.205,163457.295,50.7790155944444,4.0847716,GOOIK
23025,2,37355,150251.68673913,180545.628043478,50.9338088695652,4.3694560326087,GRIMBERGEN
23027,2,39096,140752.64325,157804.62075,50.73481354,4.23414754,HALLE
23032,2,6643,126580.40535714301,156251.439642857,50.723016728571395,4.0274331,HERNE
23033,2,11172,157077.44199999998,161709.876,50.767486299999995,4.4740458,HOEILAART
23038,2,11898,163571.805185185,180903.344814815,50.9346826444444,4.555739425925929,KAMPENHOUT
23039,2,9396,149185.049473684,188802.22052631603,50.98933774210529,4.41737346842105,KAPELLE
23044,2,13188,130692.834444444,173158.74,50.8475374,4.139768,LIEDEKERKE
23045,2,18620,144195.85173913,188873.72652173898,51.0074251652174,4.27704323478261,LONDERZEEL
23047,2,15417,155114.867954545,177174.385909091,50.904994445454506,4.43552918636364,MACHELEN
23050,2,19164,146543.398235294,182463.779117647,50.93535235294121,4.28259382352941,MEISE
23052,2,16294,141580.543809524,181867.406190476,50.942202380952395,4.24910428571429,MERCHTEM
23060,2,14378,136783.741166667,183571.562166667,50.9658282,4.18376046,OPWIJK
23062,2,25169,161083.24035714302,162365.305714286,50.77381,4.53475,OVERIJSE
23064,2,4372,135002.343,159619.02133333302,50.7523529733333,4.16672477333333,PEPINGEN
23077,2,34038,141906.621304348,164479.863913043,50.7853860956522,4.24685157391304,SINT-PIETERS-LEEUW
23081,2,12090,159248.04666666698,178703.15047619,50.91595771428571,4.49958366666667,STEENOKKERZEEL
23086,2,15481,135277.556590909,173304.881136364,50.8674157272727,4.166683636363641,TERNAT
23088,2,44015,153855.701176471,179476.17147058801,50.927252767647104,4.42578355294118,VILVOORDE
23094,2,33806,157767.919198718,173486.461025641,50.874791875,4.4703241134615395,ZAVENTEM
23096,2,23325,157132.343714286,185485.29942857102,50.9770503028571,4.4729014657142905,ZEMST
23097,2,11629,131002.53068181801,169785.126363636,50.8155439590909,4.15459720454545,ROOSDAAL
23098,2,5599,146009.968333333,164477.92333333302,50.78753820000001,4.3164506,DROGENBOS
23099,2,13690,157085.331875,170864.115,50.8610856,4.4592974000000005,KRAAINEM
23100,2,4760,148017.141428571,162168.674285714,50.766026399999994,4.3456087,LINKEBEEK
23101,2,18296,149580.17636363598,159062.05136363598,50.745940000000004,4.357530000000001,SINT-GENESIUS-RODE
23102,2,16347,145840.894901961,177385.21156862698,50.91032,4.3009224999999995,WEMMEL
23103,2,14021,158716.91125,170383.63625,50.8508976,4.4874562000000005,WEZEMBEEK-OPPEM
23104,2,9024,135515.569333333,166995.23,50.8270885066667,4.1219471,LENNIK
23105,2,13225,132026.19411764698,177041.00411764698,50.90204472352939,4.11440624117647,AFFLIGEM-HEKELGEM
24001,2,29965,184082.99775,186680.6595,51.0043280075,4.825603145,AARSCHOT
24007,2,10053,179872.134545455,188797.483636364,50.9983166181818,4.789849681818179,BEGIJNENDIJK
24008,2,6274,193342.643076923,180485.081538462,50.94112736923079,4.97992188461538,BEKKEVOORT
24009,2,9958,166967.832941176,171521.70647058802,50.8594108588235,4.62225341764706,BERTEM
24011,2,10025,178192.409615385,169937.81692307699,50.8394959384615,4.76003956538462,BIERBEEK
24014,2,12379,163024.996304348,185629.614130435,50.9897419,4.554328386956519,BOORTMEERBEEK
24016,2,8167,183436.15621212102,169571.333030303,50.8387859681818,4.85023390909091,BOUTERSEM
24020,2,23824,198544.600238095,187426.975238095,50.997174607142895,5.0584591476190495,DIEST
24028,2,6035,203151.450666667,176008.206,50.890297,5.12923178,GEETBETS
24033,2,14470,169242.394545455,183468.72613636398,50.9629862909091,4.6562471,HAACHT
24038,2,21632,170009.22875,177380.479768519,50.905035591666696,4.654275825,HERENT
24041,2,6942,186098.059666667,163560.93133333302,50.8000366666667,4.93241066666667,HOEGAARDEN
24043,2,9905,179138.507222222,179477.589444444,50.92695072777779,4.7762012388888895,HOLSBEEK
24045,2,9892,167256.798181818,163970.921363636,50.788664536363605,4.61561846363636,HULDENBERG
24048,2,12743,169870.47555555598,188393.50388888898,51.0057936,4.6320416,KEERBERGEN
24054,2,7875,195906.288157895,175295.85947368402,50.875048063157905,4.99461282105263,KORTENAKEN
24055,2,20214,163674.36314285698,175501.923571429,50.890980277142894,4.561821299999999,KORTENBERG
24059,2,15961,199053.162045455,160852.838409091,50.7524346886364,5.06881637045455,LANDEN
24062,2,101396,173931.71708695698,174757.824,50.86698143130429,4.711928374782611,LEUVEN
24066,2,14393,181320.468181818,175143.864545455,50.8845254909091,4.81067163636364,LUBBEEK
24086,2,11099,172601.0925,168331.978,50.82680259,4.682177885,OUD-HEVERLEE
24094,2,16678,175902.71,182839.185185185,50.9568319518519,4.723360374074071,ROTSELAAR
24104,2,22248,161697.364264706,168589.795294118,50.82823281176471,4.520506267647059,TERVUREN
24107,2,34675,190387.007758621,166923.270862069,50.8077383482759,4.93881407241379,TIENEN
24109,2,14842,175155.655714286,187594.43571428602,50.98919841428571,4.73157623571429,TREMELO
24130,2,8498,201510.312,170093.396666667,50.83131316,5.11246597333333,ZOUTLEEUW
24133,2,7255,197428.996176471,167756.383823529,50.818137164705895,5.0462709764705895,LINTER
24134,2,22952,192046.213947368,187661.89171052602,51.0012636973684,4.9724547394736796,SCHERPENHEUVEL
24135,2,10707,187024.847954545,179107.829545455,50.923445240909096,4.8916005136363605,TIELT
24137,2,5298,190909.642333333,173167.96899999998,50.8674827066667,4.94080562,GLABBEEK
25005,10,7222,177582.1743,163047.7677,50.77990726,4.747128885,BEAUVECHAIN
25014,10,39837,149435.7615,151884.51075,50.6757024766667,4.3661946183333304,BRAINE
25015,10,10447,144128.9276,152227.5488,50.6730635,4.265074564,BRAINE-LE-CHATEAU
25018,10,11731,172345.457982456,153391.45302631598,50.6885478526316,4.69576022105263,CHAUMONT-GISTOUX
25023,10,10500,163502.393181818,146882.476363636,50.62094929999999,4.5598691,COURT-SAINT-ETIENNE
25031,10,15353,156934.670714286,144869.309183673,50.6075248510204,4.4647380326530595,GENAPPE
25037,10,13368,172149.056595745,159679.44702127698,50.7490228787234,4.69038691276596,GREZ-DOICEAU
25043,10,5388,179454.43645833302,155094.546875,50.6938251125,4.80096585833333,INCOURT
25044,10,6865,141578.23541666698,147973.04291666698,50.6487749291667,4.26162677083333,ITTRE
25048,10,14079,184588.48097561,157546.164390244,50.7273126731707,4.857326173170731,JODOIGNE
25050,10,7320,157677.01583333302,158118.253333333,50.7309955,4.4856707,LA HULPE
25068,10,7562,168097.162857143,147390.424642857,50.6306207571429,4.62263955,MONT-SAINT-GUIBERT
25072,10,28521,147102.871891892,143230.427297297,50.5987245783784,4.33518127567568,NIVELLES
25084,10,9291,180017.45272727302,147437.363636364,50.6372264590909,4.78949645454545,PERWEZ
25091,10,22401,161165.812173913,156669.78826087,50.720792856521705,4.523647334782611,RIXENSART
25105,10,25914,138184.089305556,152988.483611111,50.68598162777779,4.20385764444444,TUBIZE
25107,10,10713,161343.080862069,139534.547298851,50.565919958620704,4.5299416517241395,VILLERS-LA-VILLE
25110,10,30174,152194.843870968,155337.857741935,50.714690000000004,4.3991,WATERLOO
25112,10,34305,165992.514181818,155437.211818182,50.707890385454505,4.59454279090909,WAVRE
25117,10,7592,168377.123695652,142509.580434783,50.5928864608696,4.62901444782609,CHASTRE
25118,10,3479,193530.063333333,159936.141111111,50.7494643111111,4.98462678888889,HELECINE-NEERHEYLISSEM
25119,10,14236,156904.368546099,152478.134326241,50.6886346340426,4.48573637446809,LASNE
25120,10,8856,192014.604545455,153930.661590909,50.68955515,4.97281395909091,ORP
25121,10,31385,165020.977602339,151011.032865497,50.665909617543896,4.57305685964912,OTTIGNIES
25122,10,6394,186710.47703125,149706.86796875,50.658101653125,4.8817863125,RAMILLIES
25123,10,11006,133887.592083333,151450.04708333302,50.675688229166695,4.1375915833333305,REBECQ
25124,10,7167,173086.63783333302,146677.236833333,50.634129525,4.699909795,WALHAIN
31003,3,15687,77952.109047619,204815.194761905,51.15205199047621,3.34559021904762,BEERNEM
31004,3,20349,63960.6394117647,222799.39294117602,51.3075702588235,3.1381322352941203,BLANKENBERGE
31005,3,118284,69778.44607344629,212973.68902542398,51.21760151694921,3.22007974830508,BRUGGE
31006,3,11008,77161.55727272731,215653.15863636398,51.2386657181818,3.31733291818182,DAMME
31012,3,13880,61646.93,209043.426923077,51.1818156576923,3.10732228846154,JABBEKE
31022,3,23580,70505.996875,202724.7775,51.131417725,3.22897529375,OOSTKAMP
31033,3,20530,60862.5853125,196301.6971875,51.06759099375,3.09304265,TORHOUT
31040,3,22635,64392.950714285704,203055.42392857102,51.135790135714295,3.1469394285714305,ZEDELGEM
31042,3,2730,63414.984000000004,217106.298,51.25582744,3.12815593,ZUIENKERKE
31043,3,33097,74222.9243243243,225824.025405405,51.3376790432432,3.27222110540541,KNOKKE
32003,3,16739,43891.3747727273,193516.83613636397,51.0427636590909,2.85258585227273,DIKSMUIDE
32006,3,10032,47664.793157894695,186124.706842105,50.97634374210529,2.91021055789474,HOUTHULST
32010,3,8784,51571.9105263158,198506.899473684,51.087668942105296,2.96999281578947,KOEKELARE
32011,3,12584,54684.78,191521.658518519,51.025951592592605,3.00887954444444,KORTEMARK
32030,3,3289,38217.565,184815.467142857,50.96171965714289,2.7743578214285693,LO
33011,3,34964,44995.3571666667,172638.840833333,50.853832865,2.8694285566666697,IEPER
33016,3,1040,45700.21,162124.45,50.7638555,2.8976699,MESEN
33021,3,19718,32428.2594736842,173385.23236842098,50.8641627315789,2.69834700789474,POPERINGE
33029,3,18643,57288.5721428571,166036.914047619,50.7927543666667,3.05549953333333,WERVIK
33037,3,12445,53653.7408,173560.4504,50.866404292,3.0018177839999995,ZONNEBEKE
33039,3,7862,40430.3544,164047.2,50.779336028,2.8063962439999997,HEUVELLAND-KEMMEL
33040,3,7920,48786.4241176471,179840.626176471,50.892181847058794,2.96395109411765,LANGEMARK
33041,3,3659,36640.957777777796,179452.62111111102,50.9170302,2.7556345888888902,VLETEREN-OOSTVLETEREN
34002,3,14609,84907.62234375,169439.49453125,50.82731015,3.4495885875,ANZEGEM
34003,3,10065,85466.7826,163290.7904,50.854228896,3.639591368,AVELGEM
34009,3,11796,79516.9634375,171021.725,50.85374,3.35335,DEERLIJK
34013,3,27886,75348.32,172710.7353125,50.8646800875,3.308443375,HARELBEKE
34022,3,76265,71876.0933628319,167663.596504425,50.829002458407096,3.26440600884956,KORTRIJK
34023,3,13318,73106.1616666667,172737.185666667,50.853970000000004,3.287,KUURNE
34025,3,5742,70574.0535,175632.047,50.8862994,3.2381931,LENDELEDE
34027,3,33190,64060.6446153846,165186.095,50.7927687673077,3.14712542692308,MENEN
34040,3,38125,82021.12125,175252.00104166698,50.89031558125,3.4012823354166697,WAREGEM
34041,3,31412,66273.3132608696,169171.36880434802,50.825072243478296,3.1827421195652206,WEVELGEM
34042,3,24619,79503.5734210526,165200.375263158,50.79118495789471,3.3704270078947403,ZWEVEGEM
34043,3,2087,78829.822,158003.686,50.72396996,3.36568052,SPIERE
35002,3,17828,52051.7088888889,214854.898333333,51.2345015,2.9728359,BREDENE
35005,3,12063,51220.9652,205701.0298,51.156642696000006,2.982255432,GISTEL
35006,3,13939,56085.0563461538,200936.818269231,51.112102484615406,3.0197509076923104,ICHTEGEM
35011,3,19371,41470.106666666696,207107.59411111102,51.1651815244444,2.82039786,MIDDELKERKE
35013,3,71332,48590.9179710145,212744.85666666698,51.2080709275362,2.9024461449275396,OOSTENDE
35014,3,9300,55105.9316,208749.4564,51.17468924,3.016719992,OUDENBURG
35029,3,12635,57959.4976190476,219209.802380952,51.267571000000004,3.06177494285714,DE HAAN-KLEMSKERKE
36006,3,9950,60146.4805882353,187389.225882353,50.98727354705879,3.09020392941176,HOOGLEDE
36007,3,10928,72003.9275,179244.0025,50.92325,3.26284,INGELMUNSTER
36008,3,27729,68182.1364705882,179193.702647059,50.9192964911765,3.2113825029411807,IZEGEM
36010,3,9716,64515.117999999995,173814.544666667,50.866683313333304,3.15540945333333,LEDEGEM
36011,3,8793,63768.8286666667,191710.186666667,51.0277074,3.1439095,LICHTERVELDE
36012,3,11080,59550.2173333333,174581.488,50.8779782333333,3.0736431,MOORSLEDE
36015,3,62301,63211.7196621622,181886.27952702699,50.943401260810795,3.1387645662162202,ROESELARE
36019,3,11376,55400.666,183653.43600000002,50.95641829,3.02902869,STADEN
37002,3,8484,83024.5695,182052.9885,50.94161737,3.41321853,DENTERGEM
37007,3,10906,74157.1352631579,183018.76736842102,50.9506,3.28637,MEULEBEKE
37010,3,7849,77868.9454545455,180658.407272727,50.92020120000001,3.3346008,OOSTROZEBEKE
37011,3,6752,72313.90400000001,188594.512,51.00250462,3.26361446,PITTEM
37012,3,5387,80773.882,194511.051,51.0413098,3.3970512999999998,RUISELEDE
37015,3,20422,78466.1403448276,188339.975862069,50.9619028103448,4.4372662862069,TIELT
37017,3,9584,79372.2166666667,178215.53681818198,50.9048147454545,3.3668549454545498,WIELSBEKE
37018,3,14243,72281.005,195019.082916667,51.0504070875,3.2344213875,WINGENE
37020,3,8988,68188.6830769231,185908.502307692,50.9806377846154,3.20106973846154,ARDOOIE
38002,3,5089,30987.3375,186461.2235,50.97894048,2.67204473,ALVERINGEM
38008,3,11129,25484.9468421053,198811.466842105,51.087373,2.5959727947368396,DE PANNE
38014,3,21957,31009.3922580645,201883.67354838699,51.109554003225796,2.67107771935484,KOKSIJDE
38016,3,11565,36853.81625,203929.88,51.1490161833333,2.7691416625,NIEUWPOORT
38025,3,11790,31350.500588235296,195636.79647058801,51.0597548058823,2.67510858823529,VEURNE
41002,4,85715,128207.177125984,181656.376141732,50.94284754173229,4.05788012834646,AALST
41011,4,20086,128333.487045455,175371.788636364,50.882250713636395,4.06172090909091,DENDERLEEUW
41018,4,33403,116884.165243902,163280.151463415,50.7797461219512,3.8977996695122004,GERAARDSBERGEN
41024,4,18443,123854.12473684199,175255.103157895,50.892834615789496,4.022327481578951,HAALTERT
41027,4,17723,116208.12731707301,173763.74719512198,50.873867897561,3.8874702365853704,HERZELE
41034,4,18628,120835.59973684199,184078.538421053,50.9640938184211,3.9531035368421104,LEDE
41048,4,38692,124487.935316456,168825.287151899,50.8270294240506,4.00685367974684,NINOVE
41063,4,10255,115599.4495,180209.3845,50.9281444433333,3.87695582666667,SINT
41081,4,26373,110851.84325,173376.43975,50.871073015,3.810389245,ZOTTEGEM
41082,4,19857,120959.61952830199,179452.618867925,50.9234240735849,3.9551453622641497,ERPE - MERE-MERE
42003,4,14849,122568.02769230801,192048.6625,51.053943303846204,3.99488903846154,BERLARE
42004,4,14475,137920.12878787902,189449.16606060602,51.013676399999994,4.2011261,BUGGENHOUT
42006,4,45673,130935.180403226,190869.199919355,51.0270769741935,4.09951408387097,DENDERMONDE
42008,4,24829,133678.454333333,196983.0025,51.083921213333305,4.1443919133333305,HAMME
42010,4,12487,115898.5815,192379.3915,51.03438955,3.88597895,LAARNE
42011,4,19195,132802.062954545,187217.07272727301,50.997646845454504,4.11601398181818,LEBBEKE
42023,4,10768,129836.95666666699,200796.357333333,51.109461100000004,4.0844742,WAASMUNSTER
42025,4,25477,115386.66047619,187550.282261905,50.9981815571429,3.88601201428571,WETTEREN
42026,4,11578,120524.427647059,187997.17176470603,51.004688894117606,3.94041428235294,WICHELEN
42028,4,20976,126565.49227272699,195390.453636364,51.10234129999999,3.9940663,ZELE
43002,4,14200,103924.464901961,213837.040588235,51.231109070588204,3.71436938823529,ASSENEDE
43005,4,20890,93138.12238095241,209072.882857143,51.2046849,3.4868397000000004,EEKLO
43007,4,6429,98150.74375,211108.54,51.2066899,3.6252572,KAPRIJKE
43010,4,23689,86126.8485135135,211366.21472973,51.2050524054054,3.48332214324324,MALDEGEM
43014,4,6684,94194.4046666667,217020.97600000002,51.2687639866667,3.5691262266666697,SINT-LAUREINS
43018,4,12699,110780.50125,210115.9353125,51.1987114,3.8119772000000003,ZELZATE
44001,4,20548,85327.9755769231,197657.3775,51.0809487923077,3.45586583076923,AALTER
44011,4,31085,90893.227755102,186746.587755102,50.9913404816327,3.5302163918367304,DEINZE
44012,4,10532,100834.495,186179.108125,50.98157445,3.6824476,DE PINTE
44013,4,18026,110452.959,192636.9902,51.04630278,3.8008488760000003,DESTELBERGEN
44019,4,35239,104561.34893939401,203752.306919192,51.1389861090909,3.71619817272727,EVERGEM
44020,4,12769,101496.70839285699,180023.184642857,50.921140075,3.666745225,GAVERE
44021,4,260341,104032.04041450801,194183.700595855,51.050978484455996,3.72126410777202,GENT
44029,4,8236,85589.2357142857,203280.188571429,51.13893441428571,3.4127717571428597,KNESSELARE
44034,4,22300,114380.6727,198905.6351,51.0998049,3.8633987160000003,LOCHRISTI
44036,4,9574,98198.51,198637.468181818,51.0922852818182,3.61860521818182,LOVENDEGEM
44040,4,11574,109885.306071429,187836.85714285698,50.999338728571395,3.79966655,MELLE
44043,4,24634,105982.441785714,185534.49392857103,50.983430835714294,3.7072665035714305,MERELBEKE
44045,4,6455,120888.35333333301,208890.555833333,51.17346920000001,3.9342837,MOERBEKE
44048,4,11574,97507.9823529412,183198.254705882,50.94995339411761,3.63606598823529,NAZARETH
44049,4,12179,93003.18796296301,194298.487592593,51.0526475333333,3.55414694814815,NEVELE
44052,4,13546,109714.994807692,181365.515384615,50.941615280769206,3.7958249576923104,OOSTERZELE
44064,4,8468,97501.9933333333,189281.11633333302,51.00907072,3.62158326,SINT-MARTENS-LATEM
44072,4,7967,96946.2583333333,204508.130333333,51.15148189999999,3.6060488,WAARSCHOOT
44073,4,7683,115025.415384615,207862.160769231,51.17095,3.86055,WACHTEBEKE
44080,4,8466,93353.94307692311,202204.497692308,51.1268390615385,3.55547008461538,ZOMERGEM
44081,4,15720,86859.1190476191,180994.790952381,50.9383049238095,3.4648047809523796,ZULTE
45017,4,8086,90819.7157142857,177506.032380952,50.8996273285714,3.5289718714285696,KRUISHOUTEM
45035,4,31132,96897.9726785714,171516.72375,50.86700172678571,3.56625518571429,OUDENAARDE
45041,4,26337,96552.3957894737,160152.343684211,50.750536700000005,3.6005095000000003,RONSE
45057,4,7552,97610.6533333333,177773.431666667,50.8984487333333,3.6242890416666698,ZINGEM
45059,4,14781,107019.59228571401,166487.512285714,50.8088083685714,3.7653953942857097,BRAKEL-NEDERBRAKEL
45060,4,6453,89819.1111111111,163762.383333333,50.806182505555604,3.5154086222222203,KLUISBERGEN-RUIEN
45061,4,6440,91221.6723529412,171104.139411765,50.83026537058821,3.53211275882353,WORTEGEM-PETEGEM-PETEGEM-AAN-DE-SCHELDE
45062,4,2048,102348.994285714,169406.882857143,50.8387574285714,3.6935193142857097,HOREBEKE
45063,4,6567,112907.195789474,166475.16736842098,50.807144431578905,3.83856895789474,LIERDE
45064,4,6338,98348.1455555556,165184.636111111,50.8022757722222,3.6026930777777797,MAARKEDAL-ETIKHOVE
45065,4,8134,104510.613709677,174558.329354839,50.8820209806452,3.71647206451613,ZWALM-MUNKZWALM
46003,4,48192,140583.431639344,213636.579180328,51.2322929,4.23745185901639,BEVEREN
46013,4,16657,145125.530526316,204858.399473684,51.153016673684206,4.30254416315789,KRUIBEKE
46014,4,41438,122514.305769231,199999.765,51.0869985076923,4.02281028653846,LOKEREN
46020,4,19273,132199.630405405,213294.663378378,51.2249443108108,4.12049485135135,SINT
46021,4,76756,133537.396408451,206051.679295775,51.1560110873239,4.13330128169014,SINT-NIKLAAS
46024,4,18352,126905.33833333301,211303.859270833,51.206352303125,4.04849913125,STEKENE
46025,4,29528,138474.538194444,202130.58305555602,51.122662908333304,4.20754554444444,TEMSE
51004,5,29164,107653.55419540199,147288.527298851,50.6338264839081,3.77263843793103,ATH
51008,5,14032,101130.947159091,135976.984090909,50.5352467340909,3.6776382363636406,BELOEIL
51009,5,11868,101408.23217391301,130156.31739130401,50.47667520869571,3.6746510826087,BERNISSART
51012,5,3658,114108.82526315801,143566.95605263198,50.6012826157895,3.85940227368421,BRUGELETTE
51014,5,6899,108340.78203703699,140233.990740741,50.5698843888889,3.81115236666667,CHIEVRES
51017,5,6001,102520.76411764699,157294.217647059,50.72330907058821,3.7036021529411807,ELLEZELLES
51019,5,3420,104857.419444444,160502.409444444,50.7367,3.73852,FLOBECQ
51065,5,11740,95259.57100961539,152466.54,50.6791260634615,3.59098534038462,FRASNES
52010,5,14900,144038.60296296302,128437.425555556,50.465069266666696,4.2842834037037,CHAPELLE-LEZ-HERLAIMONT
52011,5,201816,154684.327237927,123108.904358068,50.4186106936396,4.43134539469965,CHARLEROI
52012,5,36101,160654.673695652,121596.89293478301,50.4097573391304,4.52296956304348,CHATELET
52015,5,31376,148869.023454545,128162.04400000001,50.4658047945455,4.35681621636364,COURCELLES
52018,5,11247,162449.17263157901,124876.758421053,50.4302078210526,4.54096804210526,FARCIENNES
52021,5,22738,162405.715636364,129719.90709090901,50.486093405454504,4.551166501818179,FLEURUS
52022,5,17801,146847.301860465,122607.050465116,50.415321999999996,4.32742430232558,FONTAINE-L'EVEQUE
52025,5,12660,160906.554615385,115647.275128205,50.349000143589706,4.52226588205128,GERPINNES
52043,5,23122,140401.470789474,131137.29868421098,50.4953073526316,4.23358305,MANAGE
52048,5,10136,150325.252857143,118409.29380952401,50.380403,4.36830114285714,MONTIGNY-LE-TILLEUL
52055,5,17287,151251.077948718,133146.726923077,50.511728446153796,4.377919012820509,PONT-A-CELLES
52063,5,11272,142510.14633333302,137015.689333333,50.54840871,4.26114209333333,SENEFFE
52074,5,10788,164541.057586207,122170.239310345,50.4211246586207,4.573391251724139,AISEAU
52075,5,9457,155766.78,135044.594827586,50.52316298620689,4.4513180172413795,LES BONS VILLERS-MELLET
53014,5,19856,109941.041333333,124238.73300000001,50.43244088,3.80925276,BOUSSU
53020,5,16716,108505.7503125,120037.8196875,50.392750553125,3.781766746875,DOUR
53028,5,21878,115997.79866666699,121090.21966666699,50.4021760633333,3.88842644333333,FRAMERIES
53039,5,6828,103831.064,124816.19266666699,50.431690746666696,3.71741995333333,HENSIES
53044,5,10417,117362.87617647099,134738.372941176,50.528121494117606,3.90482415588235,JURBISE
53046,5,4508,117432.265952381,140114.276428571,50.5705867809524,3.9087171285714306,LENS
53053,5,95299,120941.579281046,127125.91859477099,50.4515346235294,3.95589956078431,MONS
53065,5,19006,113805.23300000001,125359.1916,50.44465808,3.8607686,QUAREGNON
53068,5,6759,101978.993666667,121031.27033333301,50.398671413333304,3.69239044,QUIEVRAIN
53070,5,23335,109819.42712963,129994.236851852,50.4807025814815,3.80589663703704,SAINT-GHISLAIN
53082,5,20762,112841.3392,122226.2144,50.414957824,3.84166128,COLFONTAINE-WASMES
53083,5,5139,104526.849230769,116347.647692308,50.3597570769231,3.72337908461538,HONNELLES-ROISIN
53084,5,8105,120084.548103448,117474.999137931,50.3673093310345,3.9385469103448303,QUEVY
54007,5,58234,69931.5088333333,159164.061333333,50.7380200666667,3.23864747166667,MOUSCRON
54010,5,18063,49628.2001219512,161139.549390244,50.743896241463396,2.91459287317073,COMINES
55004,5,21649,134794.195121951,145251.0,50.6183017829268,4.1539272804878,BRAINE-LE-COMTE
55010,5,13734,126778.216,153152.47,50.692204236,4.048787448,ENGHIEN
55022,5,80637,135354.98279661,129197.148644068,50.47425185593221,4.16031796779661,LA LOUVIERE
55023,5,18552,112628.97571428599,155518.594285714,50.709267664285704,3.83900565714286,LESSINES
55035,5,8617,131228.1195,131853.427,50.48932552,4.0986517,LE ROEULX
55039,5,8407,120302.541071429,149074.98428571402,50.6520566928571,3.94166715,SILLY
55040,5,27603,126793.079313725,139022.885294118,50.563357637254896,4.04364381764706,SOIGNIES
55050,5,11135,136408.604166667,138994.2125,50.558339920833305,4.165996325,ECAUSSINES
56001,5,12254,142972.248235294,121711.341764706,50.406040000000004,4.28394,ANDERLUES
56005,5,7137,141717.365227273,102958.569318182,50.2370173090909,4.24818296590909,BEAUMONT
56011,5,33598,136400.467461538,122656.485384615,50.4147904876923,4.16794789538462,BINCHE
56016,5,9841,146926.77960199,80529.501840796,50.0354124074627,4.33480293880597,CHIMAY
56022,5,9940,133387.876,110517.104,50.30563897,4.13532148,ERQUELINNES
56029,5,3953,147937.585909091,95906.58454545449,50.1773272818182,4.33217305,FROIDCHAPELLE
56044,5,5862,141485.83444444402,116045.915555556,50.353800188888904,4.24166217777778,LOBBES
56049,5,4251,137098.114,112875.57733333301,50.32669724,4.18496406,MERBES-LE-CHATEAU
56051,5,5309,138958.323478261,77574.08043478259,50.01441899130429,4.216447917391299,MOMIGNIES
56078,5,14671,145502.370444444,112988.498222222,50.3236263466667,4.30578014,THUIN
56085,5,7715,130954.328125,119157.2246875,50.389893825,4.09828455,ESTINNES
56086,5,13529,153401.683333333,113287.092555556,50.3350936911111,4.40853727111111,HAM
56087,5,19019,141210.631666667,126600.108333333,50.4459963633333,4.24802074666667,MORLANWELZ
56088,5,4833,138148.67730769198,94319.2996153846,50.16908726153849,4.19138152692308,SIVRY
57003,5,7760,85777.4275,139273.818333333,50.5617916583333,3.4631156,ANTOING
57018,5,5665,84643.1342105263,155511.772631579,50.6591156526316,3.60956528421053,CELLES
57027,5,10424,73469.2333333333,153424.77285714302,50.686794357142894,3.28800657619048,ESTAIMPUIS
57062,5,5598,78367.9965384615,153106.416153846,50.6878045076923,3.35430918461538,PECQ
57064,5,17113,92945.80490740741,135308.983611111,50.5243273703704,3.56349938148148,PERUWELZ
57072,5,5186,75609.5026666667,137396.27800000002,50.5453235466667,3.31958558,RUMES
57081,5,69554,81256.2759302326,145265.59880814,50.612258526744206,3.40074476162791,TOURNAI
57093,5,8105,81578.49,135325.468225806,50.524837016129,3.40357061935484,BRUNEHAUT-BLEHARIES
57094,5,13886,97446.8647959184,143168.103061224,50.597666416326504,3.6289110612244904,LEUZE-EN-HAINAUT
57095,5,3720,88846.1586666667,159637.35,50.7420489466667,3.5072099933333303,MONT-DE-L'ENCLUS-AMOUGIES
61003,6,14305,216491.843125,138034.025104167,50.5485003375,5.3046336125,AMAY
61010,6,3236,202137.46600000001,141499.467333333,50.56998032,5.09502982,BURDINNE
61012,6,4617,218210.7,123150.5275,50.4118641916667,5.33011031666667,CLAVIER
61019,6,4918,238413.4890625,122183.543125,50.399091003125,5.601619346875,FERRIERES
61024,6,3872,234099.737333333,126093.36133333301,50.43693182,5.54181592666667,HAMOIR
61028,6,5277,202605.9775,136844.093863636,50.5415701681818,5.10703318636364,HERON
61031,6,21293,210664.773333333,134145.33375,50.5143799541667,5.22266188958333,HUY
61039,6,5460,211780.69411764698,129569.62235294099,50.46046594705879,5.24323770588235,MARCHIN
61041,6,4200,216436.073095238,130461.564285714,50.4788808428571,5.3102718238095195,MODAVE
61043,6,5826,223618.24346153802,134395.195769231,50.5174386,5.39692623076923,NANDRIN
61048,6,2802,227348.585,126750.58833333301,50.445524675,5.459230825,OUFFET
61063,6,4177,216562.486363636,144518.57363636402,50.6051044272727,5.30694344545455,VERLAINE
61068,6,6503,212397.278421053,142369.498947368,50.5927932368421,5.24931904210526,VILLERS-LE-BOUILLET
61072,6,13576,209023.15902777802,137455.734444444,50.547063200000004,5.20697954166667,WANZE
61079,6,4204,230158.896875,132089.89625,50.49181345,5.49553165625,ANTHISNES
61080,6,6122,222212.26695652198,140103.86260869598,50.5671816173913,5.39808673913043,ENGIS
61081,6,2709,221860.432857143,130272.86428571401,50.47282406428571,5.377679157142861,TINLOT
62003,6,28238,231026.7325,151615.9709375,50.6674326,5.51886628125,ANS
62006,6,9353,227240.490196078,153333.115686275,50.68234491176471,5.456164294117651,AWANS
62009,6,12405,244118.57533333302,128848.603555556,50.4674697466667,5.689158328888889,AYWAILLE
62011,6,8986,236971.5632,162329.9072,50.763750812,5.601115924,BASSENGE
62015,6,12019,241452.073,147450.8625,50.630221975,5.663538345,BEYNE-HEUSAY
62022,6,20935,239265.123977273,142153.427727273,50.5910258977273,5.63015532954545,CHAUDFONTAINE
62026,6,5381,236283.678125,130989.451875,50.5027936,5.557939225,COMBLAIN
62027,6,7412,247819.76899999997,157619.48333333302,50.722418512,5.7508077,DALHEM
62032,6,12889,235927.17416666698,138026.58694444402,50.546310827777795,5.57133156111111,ESNEUX
62038,6,16495,243006.248108108,145754.814054054,50.6175928513514,5.68426422162162,FLERON
62051,6,39958,237873.144070513,152349.66455128198,50.671831065384595,5.6145114153846105,HERSTAL
62060,6,9288,233014.08795238103,156212.903190476,50.7120405371429,5.546942902857139,JUPRELLE
62063,6,197355,236455.09558659198,147832.350614525,50.6341910558659,5.59176213687151,LIEGE
62079,6,25297,240279.12829457398,157328.829767442,50.717407725581396,5.64953681860465,OUPEYE
62093,6,24251,231966.766363636,147444.087272727,50.627032645454506,5.52239332272727,SAINT
62096,6,64270,231128.670857143,143329.447,50.5913876214286,5.5100424757142905,SERAING
62099,6,16888,246346.770897436,147411.205512821,50.6334171205128,5.728548582051281,SOUMAGNE
62100,6,14645,241685.72490566,135070.085471698,50.5203544056604,5.67225888113208,SPRIMONT
62108,6,17767,243290.97797619,158162.494880952,50.7247001428571,5.68939977619048,VISE
62118,6,22541,227034.71841463397,147878.233292683,50.6316221853659,5.45730362195122,GRACE
62119,6,13300,244372.6540625,151923.079375,50.6742921375,5.705151975,BLEGNY-TREMBLEUR
62120,6,26174,226191.225487805,143833.55097561,50.597397906097605,5.44427433170732,FLEMALLE
62121,6,9934,229329.783703704,137456.619259259,50.5446814740741,5.485501844444441,NEUPRE-NEUVILLE-EN-CONDROZ
62122,6,8172,244335.25388888898,140966.573703704,50.5777498407407,5.710198944444441,TROOZ-FORET
63001,6,5480,278422.32628205104,116871.21769230801,50.34848096923079,6.1892327153846205,AMEL
63003,6,4221,255113.196666667,155825.545555556,50.702129600000006,5.8592295,AUBEL
63004,6,4434,264708.335384615,146831.863076923,50.6231663769231,5.9855683307692304,BAELEN
63012,6,5473,288316.622142857,119493.058035714,50.382716171428605,6.29970428571429,BULLINGEN
63013,6,5605,280003.549047619,128431.999047619,50.4398279,6.2107954571428605,BUTGENBACH
63020,6,15405,255830.776842105,145407.375789474,50.61185144210529,5.86841703157895,DISON
63023,6,19526,268693.449848485,147937.16863636402,50.6285651909091,6.03860625454545,EUPEN
63035,6,17598,251100.21844444398,148544.708444444,50.6398430866667,5.808551748888889,HERVE
63038,6,8590,261709.62689655198,137165.172758621,50.535669717241404,5.947348551724139,JALHAY
63040,6,11061,266636.312777778,157405.603333333,50.714353238888904,6.01869431666667,KELMIS
63045,6,3601,251288.577297297,111403.58027027,50.2970769486486,5.77584037297297,LIERNEUX
63046,6,5939,260969.055789474,145848.02210526302,50.619153068421,5.9384440000000005,LIMBOURG
63048,6,5695,265811.816875,153070.33125,50.6804488875,6.0156632000000005,LONTZEN
63049,6,12654,268280.630454545,124180.081590909,50.4231379227273,6.0271986090909095,MALMEDY
63057,6,4087,246494.14,142876.73,50.5900615,5.7465679000000005,OLNE
63058,6,9765,251574.94,141048.1268,50.572777992,5.805486996,PEPINSTER
63061,6,10707,273147.065769231,153640.2,50.6862391923077,6.09648709230769,RAEREN
63067,6,9682,275745.936320755,109178.563301887,50.268070854716996,6.12763816792453,SANKT-VITH
63072,6,10378,256411.152380952,131572.37,50.5701277,5.5523484000000005,SPA
63073,6,7145,262074.14475,123199.54275,50.4076537875,5.935340135,STAVELOT
63075,6,3104,251855.915416667,122633.74822916699,50.400571204166695,5.7949720604166695,STOUMONT
63076,6,12025,253065.76622222198,135530.780333333,50.5236005222222,5.81971843333333,THEUX
63079,6,55198,256019.76449275398,143015.497463768,50.5882246463768,5.86574846666667,VERVIERS
63080,6,7429,274480.764166667,126542.4415,50.42860485,6.11739328,WAIMES
63084,6,9920,261954.054583333,151298.485104167,50.6723520875,5.9574820625,WELKENRAEDT
63086,6,2570,257335.840806452,117577.44951612901,50.3494296193548,5.87617089354839,TROIS
63087,6,3956,273633.285128205,100535.63589743599,50.2049036461539,6.100842107692309,BURG-REULAND-THOMMEN
63088,6,10401,262823.0828125,159010.1825,50.72757471875,5.96774844375,PLOMBIERES-GEMMENICH
63089,6,5725,255805.81488888897,151525.873333333,50.6567777866667,5.87496760666667,THIMISTER
64008,6,3080,208761.31928571398,155248.914285714,50.6931364714286,5.2042616857142905,BERLOZ
64015,6,6325,205561.399285714,145324.245714286,50.6170074238095,5.15741644761905,BRAIVES
64021,6,3352,222885.688571429,155965.39,50.717400500000004,5.3977268,CRISNEE
64023,6,3048,217951.563333333,149235.39166666698,50.6463239333333,5.31890993333333,DONCEEL
64025,6,3263,222905.78399999999,150463.875,50.6642009,5.3987435,FEXHE-LE-HAUT-CLOCHER
64029,6,3430,207494.5571875,151202.3784375,50.66522195,5.172402575,GEER
64034,6,16435,200148.514125,150903.909625,50.67254432,5.0771502575,HANNUT
64047,6,3292,196754.27125,157097.985,50.718675925,5.0300331,LINCENT
64056,6,3912,219060.813,157551.55599999998,50.73175,5.3577,OREYE
64063,6,5904,218532.819,153334.12300000002,50.68732507,5.33491488,REMICOURT
64065,6,6784,220426.7925,143086.465714286,50.60007,5.357559999999999,SAINT-GEORGES-SUR-MEUSE
64074,6,15168,213237.95,154132.063125,50.6954193291667,5.26197869166667,WAREMME
64075,6,2962,196560.53233333302,145261.417333333,50.60545973,5.02832898,WASSEIGE
64076,6,3947,212160.7125,148672.6775,50.638481925,5.23516781666667,FAIMES-CELLES
71002,7,8190,235612.768125,189456.996875,51.01100581875,5.59041270625,AS
71004,7,46065,209879.741065574,194726.440655738,51.0487344098361,5.212648295081969,BERINGEN
71011,7,19137,224385.17884615398,178653.938461538,50.91083,5.41336,DIEPENBEEK
71016,7,66110,229238.533,185213.0928,50.97960258,5.50961926,GENK
71017,7,8391,207035.1402,158667.6816,50.73854910000001,5.170312608,GINGELOM
71020,7,9461,201179.08375,182874.693125,50.95776809375,5.109483875,HALEN
71022,7,77651,216500.24214559398,180994.838716475,50.932459808046,5.30130681264368,HASSELT
71024,7,12661,207046.7934,181292.1836,50.94664873600001,5.175029104,HERK-DE-STAD
71034,7,15625,211394.36117647102,201269.554117647,51.1138520352941,5.24034669411765,LEOPOLDSBURG
71037,7,14762,207509.19121212102,187852.72424242398,50.9887719090909,5.17890062727273,LUMMEN
71045,7,6960,208873.6975,174306.198,50.89115626,5.19876493,NIEUWERKERKEN
71047,7,10332,234904.645333333,192892.14,51.04316,5.5841199999999995,OPGLABBEEK
71053,7,40473,208676.3525,167141.640294118,50.80806,5.19298846617647,SINT-TRUIDEN
71057,7,18514,200252.062916667,194676.070416667,51.0642666,5.088193799999999,TESSENDERLO
71066,7,21214,220609.061875,187229.645,50.98931271875,5.363570775,ZONHOVEN
71067,7,7234,234788.313333333,180754.896666667,50.93196,5.57227,ZUTENDAAL
71069,7,10824,205539.21285714302,199289.88904761898,51.09465248571429,5.1466178809523795,HAM-OOSTHAM
71070,7,33406,214585.594015152,190459.66909090898,51.0354099,5.283057,HEUSDEN
72003,7,13085,232823.028157895,208562.534736842,51.17729042631579,5.55953730526316,BOCHOLT
72004,7,16005,237274.53399999999,203846.729666667,51.13898643,5.60348756,BREE
72018,7,12233,248298.21095238102,204997.273333333,51.1320176285714,5.795878261904759,KINROOI
72020,7,34044,215806.125348837,213378.240697674,51.230419299999994,5.3110063,LOMMEL
72021,7,25201,245173.780930233,198458.238139535,51.0897940046512,5.73032067674419,MAASEIK
72025,7,17174,225881.51352941198,213677.680588235,51.229439811764706,5.444357529411759,NEERPELT
72029,7,15478,222516.743125,211382.754375,51.210269399999994,5.4225379,OVERPELT
72030,7,16406,226087.349,202709.81600000002,51.1350294933333,5.45618499333333,PEER
72037,7,14427,229590.483888889,216921.198333333,51.2489333888889,5.51529338888889,HAMONT
72038,7,12290,219898.307083333,203295.8525,51.16775215,5.39432515,HECHTEL
72039,7,30623,222633.221323529,192854.32897058802,51.032835176470606,5.33119113529412,HOUTHALEN
72040,7,13091,232764.645645161,199057.328225806,51.0723842709677,5.5529334741935505,MEEUWEN
72041,7,20454,244837.901216216,192415.85918918898,51.0367677081081,5.735770662162159,DILSEN
73001,7,11565,214957.121304348,174862.44826087,50.876090000000005,5.30767,ALKEN
73006,7,32318,232043.21373655897,174049.085698925,50.8666465080645,5.53475478387097,BILZEN
73009,7,10697,218278.869892473,166522.213172043,50.80777078709679,5.33234816129032,BORGLOON
73022,7,7290,216038.357,160863.2626,50.755946271999996,5.303625884,HEERS
73028,7,88,224845.375,157895.565,50.72653,5.426,HERSTAPPE
73032,7,9685,227670.6176,171279.9116,50.80127718399999,5.471206836,HOESELT
73040,7,8446,222901.80736842102,172011.696315789,50.85727070000001,5.41065339473684,KORTESSEM
73042,7,25818,240465.20868421101,176924.872894737,50.89645105,5.65884528157895,LANAKEN
73066,7,16665,236791.306447368,166767.39276315802,50.8072625,5.59515614736842,RIEMST
73083,7,31032,227721.57833333302,163841.3818,50.780493946666695,5.473655625333331,TONGEREN
73098,7,7402,217538.8659375,170550.6940625,50.83721318125,5.328759099999999,WELLEN
73107,7,38193,243578.15729166698,184975.9303125,50.969917935416696,5.709792189583331,MAASMECHELEN-MECHELEN-AAN-DE-MAAS
73109,7,4160,251986.41705882398,160699.777058824,50.7492194058824,5.80634307647059,VOEREN-'S GRAVENVOEREN
81001,8,29733,253526.15347826103,42082.8256521739,49.6789395463768,5.80693870289855,ARLON
81003,8,5537,250559.824814815,49058.394259259294,49.7417188962963,5.76685537037037,ATTERT
81004,8,16927,253876.58059523802,29744.952380952403,49.565873919047604,5.7996901523809505,AUBANGE
81013,8,1820,248583.97375,59680.05625,49.8305953,5.735271,MARTELANGE
81015,8,8185,254248.393636364,34201.6454545455,49.6083025909091,5.80146761363636,MESSANCY
82003,8,15894,249159.79833333302,78925.5984102564,50.00754743076921,5.76257896,BASTOGNE
82005,8,3579,240883.98567567603,83996.1648648649,50.0492212702703,5.6421464027027,BERTOGNE
82009,8,2253,245692.187142857,63979.520952381,49.88028266190479,5.69084033333333,FAUVILLERS
82014,8,5222,249573.680980392,93318.77058823529,50.14249727647061,5.76354499019608,HOUFFALIZE
82032,8,7821,258518.815933333,108767.70156666699,50.278327962,5.88249881,VIELSALM
82036,8,5651,239767.820952381,70740.6654761905,49.9415376190476,5.6278189,VAUX
82037,8,5206,259989.888589744,99507.608974359,50.1938943923077,5.90429742564103,GOUVY-BOVIGNY
82038,8,2557,234637.139565217,79315.9569565217,50.0224622913044,5.5271492173913,SAINTE-ODE-TILLET
83012,8,11374,229688.01307228897,116893.494518072,50.3586123433735,5.48945020843373,DURBUY
83013,8,3228,234929.280967742,110352.803387097,50.299027238709705,5.54517653225806,EREZEE
83028,8,5531,225954.23580459802,107215.86764367801,50.2735935068966,5.43036502758621,HOTTON
83031,8,4194,237782.720731707,95005.79219512189,50.162457368292706,5.58944092682927,LA
83034,8,17455,219206.3886,100345.5948,50.214637724,5.340490900000001,MARCHE
83040,8,5474,220247.09125,93498.7491666667,50.1515512125,5.3466512875,NASSOGNE
83044,8,2582,231756.29927777802,101899.26955555599,50.22069526,5.51147691,RENDEUX
83049,8,2842,232650.84071428602,88428.79214285711,50.103312657142894,5.52780088928571,TENNEVILLE
83055,8,3463,241900.295483871,110578.312258065,50.2961917,5.6670060096774195,MANHAY-GRANDMENIL
84009,8,8763,213378.24948717898,60712.378974359,49.851822489743604,5.24696635641026,BERTRIX
84010,8,5353,200235.05619047603,56238.0641666667,49.8202028666667,5.062567097619049,BOUILLON
84016,8,1407,199970.45083333302,76577.87375,49.998964891666695,5.05795570833333,DAVERDISSE
84029,8,1627,219406.09076923103,55255.082307692304,49.78376416153849,5.32387338461538,HERBEUMONT
84033,8,5366,234958.780588235,56243.2355882353,49.82136206176471,5.5973475205882295,LEGLISE
84035,8,5164,211680.188333333,74828.0766666667,49.9804560041667,5.21998872083333,LIBIN
84043,8,7679,227603.534814815,60062.976185185194,49.8378836711111,5.44203705111111,NEUFCHATEAU
84050,8,5393,205033.336666667,66313.4790476191,49.9059364,5.135422595238089,PALISEUL
84059,8,5571,219425.76462963,80060.7177777778,50.027248411111096,5.345576314814809,SAINT-HUBERT
84068,8,2468,212271.15307692302,86294.5530769231,50.086660107692296,5.23451972307692,TELLIN
84075,8,3064,202906.28,85061.53052631581,50.0769252105263,5.10853627368421,WELLIN
84077,8,11186,225894.66305084698,69937.60516949151,49.937944503389794,5.420248530508469,LIBRAMONT
85007,8,5175,224503.530769231,44633.33,49.71052965384621,5.396365053846151,CHINY
85009,8,5855,238914.833636364,40666.7963636364,49.6752283409091,5.59469940909091,ETALLE
85011,8,5629,215283.728275862,43849.8455172414,49.6994784689655,5.2664621620689696,FLORENVILLE
85024,8,2831,229480.14625,32401.909375,49.5960822125,5.4681102625,MEIX-DEVANT-VIRTON
85026,8,4508,244906.5775,29059.4965,49.56317612,5.68823094,MUSSON
85034,8,3592,245150.818125,35082.936875,49.624026825,5.7032101,SAINT-LEGER
85039,8,4276,231508.78875,41489.2428125,49.6816290875,5.49852121875,TINTIGNY
85045,8,11323,236613.495277778,28417.7433333333,49.5603219305556,5.57199440833333,VIRTON
85046,8,8387,238372.592380952,46621.559047619005,49.724333019047606,5.6029905333333305,HABAY
85047,8,2082,230706.756153846,25574.638846153797,49.5372429769231,5.482223523076921,ROUVROY-DAMPICOURT
91005,9,7117,182331.585,111992.92433333301,50.3173417133333,4.83247461333333,ANHEE
91013,9,9160,192676.078017241,88254.1403448276,50.1043073827586,4.9635099810344805,BEAURAING
91015,9,3307,196474.67888888897,67402.8088888889,49.9173564444444,5.022334281481481,BIEVRE
91030,9,16439,202930.77938356198,107125.198287671,50.270275021917804,5.109064115068491,CINEY
91034,9,13544,190479.64586206898,104920.906206897,50.257526112068994,4.9343699862069,DINANT
91054,9,4563,189882.785,76027.65428571429,49.988091553571394,4.928213375,GEDINNE
91059,9,7349,204451.074635417,114565.06338541699,50.336398128125,5.14067626875,HAMOIS
91064,9,5130,212501.166282051,117727.145,50.366128523076895,5.24607616153846,HAVELANGE
91072,9,4876,195423.8525,97561.7215909091,50.1831326681818,5.006485968181821,HOUYET
91103,9,3201,181303.807777778,105022.93296296301,50.25457967407411,4.80353275925926,ONHAYE
91114,9,12554,208501.806,94054.0296363636,50.1533433763636,5.18396806909091,ROCHEFORT
91120,9,5587,217919.89987804898,110376.11512195099,50.3016631390244,5.32356493170732,SOMME
91141,9,9163,189434.102938597,113435.00377193,50.331873723684204,4.91113562631579,YVOIR
91142,9,5979,182518.854190476,98487.66771428571,50.1995874114286,4.835332042857139,HASTIERE
91143,9,2641,189376.968125,61617.120625,49.8604068625,4.927215840625,VRESSE
92003,9,27017,198983.189637681,131127.13427536198,50.4879648768116,5.0586301391304405,ANDENNE
92006,9,6964,194920.325645161,118485.543548387,50.3778491193548,4.99319010645161,ASSESSE
92035,9,16247,187945.14730769198,141849.470192308,50.584569276923105,4.891415692307691,EGHEZEE
92045,9,8114,177659.493571429,125070.967202381,50.44031342857139,4.74803217142857,FLOREFFE
92048,9,10449,171095.95515625,119944.06963541699,50.396272909375,4.67360381875,FOSSES-LA-VILLE
92054,9,7210,198626.618225806,123596.25354838699,50.41905981290321,5.045242703225809,GESVES
92087,9,13037,171178.871309524,112433.825952381,50.31811981428571,4.668201652380951,METTET
92094,9,110939,185525.42039801,128026.57534825901,50.46015306268661,4.86703632139303,NAMUR
92097,9,5090,206789.13152173898,125547.209782609,50.43243989130429,5.16051072608696,OHEY
92101,9,12204,183518.13239130398,118607.9775,50.3713602826087,4.8471930173913,PROFONDEVILLE
92114,9,8420,166589.14468254,134789.624920635,50.5204454714286,4.60201109047619,SOMBREFFE
92137,9,28211,167838.130160256,125765.79778846199,50.4431713096154,4.61831512692308,SAMBREVILLE-AUVELAIS
92138,9,7923,194080.814411765,138830.894705882,50.55898147058821,4.987828235294121,FERNELMONT-FORVILLE
92140,9,19074,171720.28744186,128382.94453488401,50.4676000953488,4.679793781395349,JEMEPPE
92141,9,9226,181262.43386666698,135210.366133333,50.52527348,4.8040932839999995,LA BRUYERE-EMINES
92142,9,25933,174054.20138418098,137826.52680791,50.5488152915254,4.695321723728809,GEMBLOUX
93010,9,4927,154723.79695652198,97250.4513043478,50.1894362782609,4.43370832173913,CERFONTAINE
93014,9,13782,158294.0557277,81406.5635915493,50.0422757676056,4.48415066901408,COUVIN
93018,9,2951,174822.375,92644.8761538462,50.14205315,4.71189367692308,DOISCHE
93022,9,11410,167283.26429078,105580.826453901,50.26513152340429,4.60700497021277,FLORENNES
93056,9,9228,165458.152118644,95590.3278813559,50.17881741694921,4.58276754915254,PHILIPPEVILLE
93088,9,18376,155376.257884615,106495.935064103,50.26693755,4.44266288205128,WALCOURT
93090,9,5731,167897.5140625,84326.8228125,50.072110725,4.61751114375,VIROINVAL-OLLOY-SUR-VIROIN
